char,unicode,ks_x_1001
가,U+AC00,16-01
각,U+AC01,16-02
간,U+AC04,16-03
갇,U+AC07,16-04
갈,U+AC08,16-05
갉,U+AC09,16-06
갊,U+AC0A,16-07
감,U+AC10,16-08
갑,U+AC11,16-09
값,U+AC12,16-10
갓,U+AC13,16-11
갔,U+AC14,16-12
강,U+AC15,16-13
갖,U+AC16,16-14
갗,U+AC17,16-15
같,U+AC19,16-16
갚,U+AC1A,16-17
갛,U+AC1B,16-18
개,U+AC1C,16-19
객,U+AC1D,16-20
갠,U+AC20,16-21
갤,U+AC24,16-22
갬,U+AC2C,16-23
갭,U+AC2D,16-24
갯,U+AC2F,16-25
갰,U+AC30,16-26
갱,U+AC31,16-27
갸,U+AC38,16-28
갹,U+AC39,16-29
갼,U+AC3C,16-30
걀,U+AC40,16-31
걋,U+AC4B,16-32
걍,U+AC4D,16-33
걔,U+AC54,16-34
걘,U+AC58,16-35
걜,U+AC5C,16-36
거,U+AC70,16-37
걱,U+AC71,16-38
건,U+AC74,16-39
걷,U+AC77,16-40
걸,U+AC78,16-41
걺,U+AC7A,16-42
검,U+AC80,16-43
겁,U+AC81,16-44
것,U+AC83,16-45
겄,U+AC84,16-46
겅,U+AC85,16-47
겆,U+AC86,16-48
겉,U+AC89,16-49
겊,U+AC8A,16-50
겋,U+AC8B,16-51
게,U+AC8C,16-52
겐,U+AC90,16-53
겔,U+AC94,16-54
겜,U+AC9C,16-55
겝,U+AC9D,16-56
겟,U+AC9F,16-57
겠,U+ACA0,16-58
겡,U+ACA1,16-59
겨,U+ACA8,16-60
격,U+ACA9,16-61
겪,U+ACAA,16-62
견,U+ACAC,16-63
겯,U+ACAF,16-64
결,U+ACB0,16-65
겸,U+ACB8,16-66
겹,U+ACB9,16-67
겻,U+ACBB,16-68
겼,U+ACBC,16-69
경,U+ACBD,16-70
곁,U+ACC1,16-71
계,U+ACC4,16-72
곈,U+ACC8,16-73
곌,U+ACCC,16-74
곕,U+ACD5,16-75
곗,U+ACD7,16-76
고,U+ACE0,16-77
곡,U+ACE1,16-78
곤,U+ACE4,16-79
곧,U+ACE7,16-80
골,U+ACE8,16-81
곪,U+ACEA,16-82
곬,U+ACEC,16-83
곯,U+ACEF,16-84
곰,U+ACF0,16-85
곱,U+ACF1,16-86
곳,U+ACF3,16-87
공,U+ACF5,16-88
곶,U+ACF6,16-89
과,U+ACFC,16-90
곽,U+ACFD,16-91
관,U+AD00,16-92
괄,U+AD04,16-93
괆,U+AD06,16-94
괌,U+AD0C,17-01
괍,U+AD0D,17-02
괏,U+AD0F,17-03
광,U+AD11,17-04
괘,U+AD18,17-05
괜,U+AD1C,17-06
괠,U+AD20,17-07
괩,U+AD29,17-08
괬,U+AD2C,17-09
괭,U+AD2D,17-10
괴,U+AD34,17-11
괵,U+AD35,17-12
괸,U+AD38,17-13
괼,U+AD3C,17-14
굄,U+AD44,17-15
굅,U+AD45,17-16
굇,U+AD47,17-17
굉,U+AD49,17-18
교,U+AD50,17-19
굔,U+AD54,17-20
굘,U+AD58,17-21
굡,U+AD61,17-22
굣,U+AD63,17-23
구,U+AD6C,17-24
국,U+AD6D,17-25
군,U+AD70,17-26
굳,U+AD73,17-27
굴,U+AD74,17-28
굵,U+AD75,17-29
굶,U+AD76,17-30
굻,U+AD7B,17-31
굼,U+AD7C,17-32
굽,U+AD7D,17-33
굿,U+AD7F,17-34
궁,U+AD81,17-35
궂,U+AD82,17-36
궈,U+AD88,17-37
궉,U+AD89,17-38
권,U+AD8C,17-39
궐,U+AD90,17-40
궜,U+AD9C,17-41
궝,U+AD9D,17-42
궤,U+ADA4,17-43
궷,U+ADB7,17-44
귀,U+ADC0,17-45
귁,U+ADC1,17-46
귄,U+ADC4,17-47
귈,U+ADC8,17-48
귐,U+ADD0,17-49
귑,U+ADD1,17-50
귓,U+ADD3,17-51
규,U+ADDC,17-52
균,U+ADE0,17-53
귤,U+ADE4,17-54
그,U+ADF8,17-55
극,U+ADF9,17-56
근,U+ADFC,17-57
귿,U+ADFF,17-58
글,U+AE00,17-59
긁,U+AE01,17-60
금,U+AE08,17-61
급,U+AE09,17-62
긋,U+AE0B,17-63
긍,U+AE0D,17-64
긔,U+AE14,17-65
기,U+AE30,17-66
긱,U+AE31,17-67
긴,U+AE34,17-68
긷,U+AE37,17-69
길,U+AE38,17-70
긺,U+AE3A,17-71
김,U+AE40,17-72
깁,U+AE41,17-73
깃,U+AE43,17-74
깅,U+AE45,17-75
깆,U+AE46,17-76
깊,U+AE4A,17-77
까,U+AE4C,17-78
깍,U+AE4D,17-79
깎,U+AE4E,17-80
깐,U+AE50,17-81
깔,U+AE54,17-82
깖,U+AE56,17-83
깜,U+AE5C,17-84
깝,U+AE5D,17-85
깟,U+AE5F,17-86
깠,U+AE60,17-87
깡,U+AE61,17-88
깥,U+AE65,17-89
깨,U+AE68,17-90
깩,U+AE69,17-91
깬,U+AE6C,17-92
깰,U+AE70,17-93
깸,U+AE78,17-94
깹,U+AE79,18-01
깻,U+AE7B,18-02
깼,U+AE7C,18-03
깽,U+AE7D,18-04
꺄,U+AE84,18-05
꺅,U+AE85,18-06
꺌,U+AE8C,18-07
꺼,U+AEBC,18-08
꺽,U+AEBD,18-09
꺾,U+AEBE,18-10
껀,U+AEC0,18-11
껄,U+AEC4,18-12
껌,U+AECC,18-13
껍,U+AECD,18-14
껏,U+AECF,18-15
껐,U+AED0,18-16
껑,U+AED1,18-17
께,U+AED8,18-18
껙,U+AED9,18-19
껜,U+AEDC,18-20
껨,U+AEE8,18-21
껫,U+AEEB,18-22
껭,U+AEED,18-23
껴,U+AEF4,18-24
껸,U+AEF8,18-25
껼,U+AEFC,18-26
꼇,U+AF07,18-27
꼈,U+AF08,18-28
꼍,U+AF0D,18-29
꼐,U+AF10,18-30
꼬,U+AF2C,18-31
꼭,U+AF2D,18-32
꼰,U+AF30,18-33
꼲,U+AF32,18-34
꼴,U+AF34,18-35
꼼,U+AF3C,18-36
꼽,U+AF3D,18-37
꼿,U+AF3F,18-38
꽁,U+AF41,18-39
꽂,U+AF42,18-40
꽃,U+AF43,18-41
꽈,U+AF48,18-42
꽉,U+AF49,18-43
꽐,U+AF50,18-44
꽜,U+AF5C,18-45
꽝,U+AF5D,18-46
꽤,U+AF64,18-47
꽥,U+AF65,18-48
꽹,U+AF79,18-49
꾀,U+AF80,18-50
꾄,U+AF84,18-51
꾈,U+AF88,18-52
꾐,U+AF90,18-53
꾑,U+AF91,18-54
꾕,U+AF95,18-55
꾜,U+AF9C,18-56
꾸,U+AFB8,18-57
꾹,U+AFB9,18-58
꾼,U+AFBC,18-59
꿀,U+AFC0,18-60
꿇,U+AFC7,18-61
꿈,U+AFC8,18-62
꿉,U+AFC9,18-63
꿋,U+AFCB,18-64
꿍,U+AFCD,18-65
꿎,U+AFCE,18-66
꿔,U+AFD4,18-67
꿜,U+AFDC,18-68
꿨,U+AFE8,18-69
꿩,U+AFE9,18-70
꿰,U+AFF0,18-71
꿱,U+AFF1,18-72
꿴,U+AFF4,18-73
꿸,U+AFF8,18-74
뀀,U+B000,18-75
뀁,U+B001,18-76
뀄,U+B004,18-77
뀌,U+B00C,18-78
뀐,U+B010,18-79
뀔,U+B014,18-80
뀜,U+B01C,18-81
뀝,U+B01D,18-82
뀨,U+B028,18-83
끄,U+B044,18-84
끅,U+B045,18-85
끈,U+B048,18-86
끊,U+B04A,18-87
끌,U+B04C,18-88
끎,U+B04E,18-89
끓,U+B053,18-90
끔,U+B054,18-91
끕,U+B055,18-92
끗,U+B057,18-93
끙,U+B059,18-94
끝,U+B05D,19-01
끼,U+B07C,19-02
끽,U+B07D,19-03
낀,U+B080,19-04
낄,U+B084,19-05
낌,U+B08C,19-06
낍,U+B08D,19-07
낏,U+B08F,19-08
낑,U+B091,19-09
나,U+B098,19-10
낙,U+B099,19-11
낚,U+B09A,19-12
난,U+B09C,19-13
낟,U+B09F,19-14
날,U+B0A0,19-15
낡,U+B0A1,19-16
낢,U+B0A2,19-17
남,U+B0A8,19-18
납,U+B0A9,19-19
낫,U+B0AB,19-20
났,U+B0AC,19-21
낭,U+B0AD,19-22
낮,U+B0AE,19-23
낯,U+B0AF,19-24
낱,U+B0B1,19-25
낳,U+B0B3,19-26
내,U+B0B4,19-27
낵,U+B0B5,19-28
낸,U+B0B8,19-29
낼,U+B0BC,19-30
냄,U+B0C4,19-31
냅,U+B0C5,19-32
냇,U+B0C7,19-33
냈,U+B0C8,19-34
냉,U+B0C9,19-35
냐,U+B0D0,19-36
냑,U+B0D1,19-37
냔,U+B0D4,19-38
냘,U+B0D8,19-39
냠,U+B0E0,19-40
냥,U+B0E5,19-41
너,U+B108,19-42
넉,U+B109,19-43
넋,U+B10B,19-44
넌,U+B10C,19-45
널,U+B110,19-46
넒,U+B112,19-47
넓,U+B113,19-48
넘,U+B118,19-49
넙,U+B119,19-50
넛,U+B11B,19-51
넜,U+B11C,19-52
넝,U+B11D,19-53
넣,U+B123,19-54
네,U+B124,19-55
넥,U+B125,19-56
넨,U+B128,19-57
넬,U+B12C,19-58
넴,U+B134,19-59
넵,U+B135,19-60
넷,U+B137,19-61
넸,U+B138,19-62
넹,U+B139,19-63
녀,U+B140,19-64
녁,U+B141,19-65
년,U+B144,19-66
녈,U+B148,19-67
념,U+B150,19-68
녑,U+B151,19-69
녔,U+B154,19-70
녕,U+B155,19-71
녘,U+B158,19-72
녜,U+B15C,19-73
녠,U+B160,19-74
노,U+B178,19-75
녹,U+B179,19-76
논,U+B17C,19-77
놀,U+B180,19-78
놂,U+B182,19-79
놈,U+B188,19-80
놉,U+B189,19-81
놋,U+B18B,19-82
농,U+B18D,19-83
높,U+B192,19-84
놓,U+B193,19-85
놔,U+B194,19-86
놘,U+B198,19-87
놜,U+B19C,19-88
놨,U+B1A8,19-89
뇌,U+B1CC,19-90
뇐,U+B1D0,19-91
뇔,U+B1D4,19-92
뇜,U+B1DC,19-93
뇝,U+B1DD,19-94
뇟,U+B1DF,20-01
뇨,U+B1E8,20-02
뇩,U+B1E9,20-03
뇬,U+B1EC,20-04
뇰,U+B1F0,20-05
뇹,U+B1F9,20-06
뇻,U+B1FB,20-07
뇽,U+B1FD,20-08
누,U+B204,20-09
눅,U+B205,20-10
눈,U+B208,20-11
눋,U+B20B,20-12
눌,U+B20C,20-13
눔,U+B214,20-14
눕,U+B215,20-15
눗,U+B217,20-16
눙,U+B219,20-17
눠,U+B220,20-18
눴,U+B234,20-19
눼,U+B23C,20-20
뉘,U+B258,20-21
뉜,U+B25C,20-22
뉠,U+B260,20-23
뉨,U+B268,20-24
뉩,U+B269,20-25
뉴,U+B274,20-26
뉵,U+B275,20-27
뉼,U+B27C,20-28
늄,U+B284,20-29
늅,U+B285,20-30
늉,U+B289,20-31
느,U+B290,20-32
늑,U+B291,20-33
는,U+B294,20-34
늘,U+B298,20-35
늙,U+B299,20-36
늚,U+B29A,20-37
늠,U+B2A0,20-38
늡,U+B2A1,20-39
늣,U+B2A3,20-40
능,U+B2A5,20-41
늦,U+B2A6,20-42
늪,U+B2AA,20-43
늬,U+B2AC,20-44
늰,U+B2B0,20-45
늴,U+B2B4,20-46
니,U+B2C8,20-47
닉,U+B2C9,20-48
닌,U+B2CC,20-49
닐,U+B2D0,20-50
닒,U+B2D2,20-51
님,U+B2D8,20-52
닙,U+B2D9,20-53
닛,U+B2DB,20-54
닝,U+B2DD,20-55
닢,U+B2E2,20-56
다,U+B2E4,20-57
닥,U+B2E5,20-58
닦,U+B2E6,20-59
단,U+B2E8,20-60
닫,U+B2EB,20-61
달,U+B2EC,20-62
닭,U+B2ED,20-63
닮,U+B2EE,20-64
닯,U+B2EF,20-65
닳,U+B2F3,20-66
담,U+B2F4,20-67
답,U+B2F5,20-68
닷,U+B2F7,20-69
닸,U+B2F8,20-70
당,U+B2F9,20-71
닺,U+B2FA,20-72
닻,U+B2FB,20-73
닿,U+B2FF,20-74
대,U+B300,20-75
댁,U+B301,20-76
댄,U+B304,20-77
댈,U+B308,20-78
댐,U+B310,20-79
댑,U+B311,20-80
댓,U+B313,20-81
댔,U+B314,20-82
댕,U+B315,20-83
댜,U+B31C,20-84
더,U+B354,20-85
덕,U+B355,20-86
덖,U+B356,20-87
던,U+B358,20-88
덛,U+B35B,20-89
덜,U+B35C,20-90
덞,U+B35E,20-91
덟,U+B35F,20-92
덤,U+B364,20-93
덥,U+B365,20-94
덧,U+B367,21-01
덩,U+B369,21-02
덫,U+B36B,21-03
덮,U+B36E,21-04
데,U+B370,21-05
덱,U+B371,21-06
덴,U+B374,21-07
델,U+B378,21-08
뎀,U+B380,21-09
뎁,U+B381,21-10
뎃,U+B383,21-11
뎄,U+B384,21-12
뎅,U+B385,21-13
뎌,U+B38C,21-14
뎐,U+B390,21-15
뎔,U+B394,21-16
뎠,U+B3A0,21-17
뎡,U+B3A1,21-18
뎨,U+B3A8,21-19
뎬,U+B3AC,21-20
도,U+B3C4,21-21
독,U+B3C5,21-22
돈,U+B3C8,21-23
돋,U+B3CB,21-24
돌,U+B3CC,21-25
돎,U+B3CE,21-26
돐,U+B3D0,21-27
돔,U+B3D4,21-28
돕,U+B3D5,21-29
돗,U+B3D7,21-30
동,U+B3D9,21-31
돛,U+B3DB,21-32
돝,U+B3DD,21-33
돠,U+B3E0,21-34
돤,U+B3E4,21-35
돨,U+B3E8,21-36
돼,U+B3FC,21-37
됐,U+B410,21-38
되,U+B418,21-39
된,U+B41C,21-40
될,U+B420,21-41
됨,U+B428,21-42
됩,U+B429,21-43
됫,U+B42B,21-44
됴,U+B434,21-45
두,U+B450,21-46
둑,U+B451,21-47
둔,U+B454,21-48
둘,U+B458,21-49
둠,U+B460,21-50
둡,U+B461,21-51
둣,U+B463,21-52
둥,U+B465,21-53
둬,U+B46C,21-54
뒀,U+B480,21-55
뒈,U+B488,21-56
뒝,U+B49D,21-57
뒤,U+B4A4,21-58
뒨,U+B4A8,21-59
뒬,U+B4AC,21-60
뒵,U+B4B5,21-61
뒷,U+B4B7,21-62
뒹,U+B4B9,21-63
듀,U+B4C0,21-64
듄,U+B4C4,21-65
듈,U+B4C8,21-66
듐,U+B4D0,21-67
듕,U+B4D5,21-68
드,U+B4DC,21-69
득,U+B4DD,21-70
든,U+B4E0,21-71
듣,U+B4E3,21-72
들,U+B4E4,21-73
듦,U+B4E6,21-74
듬,U+B4EC,21-75
듭,U+B4ED,21-76
듯,U+B4EF,21-77
등,U+B4F1,21-78
듸,U+B4F8,21-79
디,U+B514,21-80
딕,U+B515,21-81
딘,U+B518,21-82
딛,U+B51B,21-83
딜,U+B51C,21-84
딤,U+B524,21-85
딥,U+B525,21-86
딧,U+B527,21-87
딨,U+B528,21-88
딩,U+B529,21-89
딪,U+B52A,21-90
따,U+B530,21-91
딱,U+B531,21-92
딴,U+B534,21-93
딸,U+B538,21-94
땀,U+B540,22-01
땁,U+B541,22-02
땃,U+B543,22-03
땄,U+B544,22-04
땅,U+B545,22-05
땋,U+B54B,22-06
때,U+B54C,22-07
땍,U+B54D,22-08
땐,U+B550,22-09
땔,U+B554,22-10
땜,U+B55C,22-11
땝,U+B55D,22-12
땟,U+B55F,22-13
땠,U+B560,22-14
땡,U+B561,22-15
떠,U+B5A0,22-16
떡,U+B5A1,22-17
떤,U+B5A4,22-18
떨,U+B5A8,22-19
떪,U+B5AA,22-20
떫,U+B5AB,22-21
떰,U+B5B0,22-22
떱,U+B5B1,22-23
떳,U+B5B3,22-24
떴,U+B5B4,22-25
떵,U+B5B5,22-26
떻,U+B5BB,22-27
떼,U+B5BC,22-28
떽,U+B5BD,22-29
뗀,U+B5C0,22-30
뗄,U+B5C4,22-31
뗌,U+B5CC,22-32
뗍,U+B5CD,22-33
뗏,U+B5CF,22-34
뗐,U+B5D0,22-35
뗑,U+B5D1,22-36
뗘,U+B5D8,22-37
뗬,U+B5EC,22-38
또,U+B610,22-39
똑,U+B611,22-40
똔,U+B614,22-41
똘,U+B618,22-42
똥,U+B625,22-43
똬,U+B62C,22-44
똴,U+B634,22-45
뙈,U+B648,22-46
뙤,U+B664,22-47
뙨,U+B668,22-48
뚜,U+B69C,22-49
뚝,U+B69D,22-50
뚠,U+B6A0,22-51
뚤,U+B6A4,22-52
뚫,U+B6AB,22-53
뚬,U+B6AC,22-54
뚱,U+B6B1,22-55
뛔,U+B6D4,22-56
뛰,U+B6F0,22-57
뛴,U+B6F4,22-58
뛸,U+B6F8,22-59
뜀,U+B700,22-60
뜁,U+B701,22-61
뜅,U+B705,22-62
뜨,U+B728,22-63
뜩,U+B729,22-64
뜬,U+B72C,22-65
뜯,U+B72F,22-66
뜰,U+B730,22-67
뜸,U+B738,22-68
뜹,U+B739,22-69
뜻,U+B73B,22-70
띄,U+B744,22-71
띈,U+B748,22-72
띌,U+B74C,22-73
띔,U+B754,22-74
띕,U+B755,22-75
띠,U+B760,22-76
띤,U+B764,22-77
띨,U+B768,22-78
띰,U+B770,22-79
띱,U+B771,22-80
띳,U+B773,22-81
띵,U+B775,22-82
라,U+B77C,22-83
락,U+B77D,22-84
란,U+B780,22-85
랄,U+B784,22-86
람,U+B78C,22-87
랍,U+B78D,22-88
랏,U+B78F,22-89
랐,U+B790,22-90
랑,U+B791,22-91
랒,U+B792,22-92
랖,U+B796,22-93
랗,U+B797,22-94
래,U+B798,23-01
랙,U+B799,23-02
랜,U+B79C,23-03
랠,U+B7A0,23-04
램,U+B7A8,23-05
랩,U+B7A9,23-06
랫,U+B7AB,23-07
랬,U+B7AC,23-08
랭,U+B7AD,23-09
랴,U+B7B4,23-10
략,U+B7B5,23-11
랸,U+B7B8,23-12
럇,U+B7C7,23-13
량,U+B7C9,23-14
러,U+B7EC,23-15
럭,U+B7ED,23-16
런,U+B7F0,23-17
럴,U+B7F4,23-18
럼,U+B7FC,23-19
럽,U+B7FD,23-20
럿,U+B7FF,23-21
렀,U+B800,23-22
렁,U+B801,23-23
렇,U+B807,23-24
레,U+B808,23-25
렉,U+B809,23-26
렌,U+B80C,23-27
렐,U+B810,23-28
렘,U+B818,23-29
렙,U+B819,23-30
렛,U+B81B,23-31
렝,U+B81D,23-32
려,U+B824,23-33
력,U+B825,23-34
련,U+B828,23-35
렬,U+B82C,23-36
렴,U+B834,23-37
렵,U+B835,23-38
렷,U+B837,23-39
렸,U+B838,23-40
령,U+B839,23-41
례,U+B840,23-42
롄,U+B844,23-43
롑,U+B851,23-44
롓,U+B853,23-45
로,U+B85C,23-46
록,U+B85D,23-47
론,U+B860,23-48
롤,U+B864,23-49
롬,U+B86C,23-50
롭,U+B86D,23-51
롯,U+B86F,23-52
롱,U+B871,23-53
롸,U+B878,23-54
롼,U+B87C,23-55
뢍,U+B88D,23-56
뢨,U+B8A8,23-57
뢰,U+B8B0,23-58
뢴,U+B8B4,23-59
뢸,U+B8B8,23-60
룀,U+B8C0,23-61
룁,U+B8C1,23-62
룃,U+B8C3,23-63
룅,U+B8C5,23-64
료,U+B8CC,23-65
룐,U+B8D0,23-66
룔,U+B8D4,23-67
룝,U+B8DD,23-68
룟,U+B8DF,23-69
룡,U+B8E1,23-70
루,U+B8E8,23-71
룩,U+B8E9,23-72
룬,U+B8EC,23-73
룰,U+B8F0,23-74
룸,U+B8F8,23-75
룹,U+B8F9,23-76
룻,U+B8FB,23-77
룽,U+B8FD,23-78
뤄,U+B904,23-79
뤘,U+B918,23-80
뤠,U+B920,23-81
뤼,U+B93C,23-82
뤽,U+B93D,23-83
륀,U+B940,23-84
륄,U+B944,23-85
륌,U+B94C,23-86
륏,U+B94F,23-87
륑,U+B951,23-88
류,U+B958,23-89
륙,U+B959,23-90
륜,U+B95C,23-91
률,U+B960,23-92
륨,U+B968,23-93
륩,U+B969,23-94
륫,U+B96B,24-01
륭,U+B96D,24-02
르,U+B974,24-03
륵,U+B975,24-04
른,U+B978,24-05
를,U+B97C,24-06
름,U+B984,24-07
릅,U+B985,24-08
릇,U+B987,24-09
릉,U+B989,24-10
릊,U+B98A,24-11
릍,U+B98D,24-12
릎,U+B98E,24-13
리,U+B9AC,24-14
릭,U+B9AD,24-15
린,U+B9B0,24-16
릴,U+B9B4,24-17
림,U+B9BC,24-18
립,U+B9BD,24-19
릿,U+B9BF,24-20
링,U+B9C1,24-21
마,U+B9C8,24-22
막,U+B9C9,24-23
만,U+B9CC,24-24
많,U+B9CE,24-25
맏,U+B9CF,24-26
말,U+B9D0,24-27
맑,U+B9D1,24-28
맒,U+B9D2,24-29
맘,U+B9D8,24-30
맙,U+B9D9,24-31
맛,U+B9DB,24-32
망,U+B9DD,24-33
맞,U+B9DE,24-34
맡,U+B9E1,24-35
맣,U+B9E3,24-36
매,U+B9E4,24-37
맥,U+B9E5,24-38
맨,U+B9E8,24-39
맬,U+B9EC,24-40
맴,U+B9F4,24-41
맵,U+B9F5,24-42
맷,U+B9F7,24-43
맸,U+B9F8,24-44
맹,U+B9F9,24-45
맺,U+B9FA,24-46
먀,U+BA00,24-47
먁,U+BA01,24-48
먈,U+BA08,24-49
먕,U+BA15,24-50
머,U+BA38,24-51
먹,U+BA39,24-52
먼,U+BA3C,24-53
멀,U+BA40,24-54
멂,U+BA42,24-55
멈,U+BA48,24-56
멉,U+BA49,24-57
멋,U+BA4B,24-58
멍,U+BA4D,24-59
멎,U+BA4E,24-60
멓,U+BA53,24-61
메,U+BA54,24-62
멕,U+BA55,24-63
멘,U+BA58,24-64
멜,U+BA5C,24-65
멤,U+BA64,24-66
멥,U+BA65,24-67
멧,U+BA67,24-68
멨,U+BA68,24-69
멩,U+BA69,24-70
며,U+BA70,24-71
멱,U+BA71,24-72
면,U+BA74,24-73
멸,U+BA78,24-74
몃,U+BA83,24-75
몄,U+BA84,24-76
명,U+BA85,24-77
몇,U+BA87,24-78
몌,U+BA8C,24-79
모,U+BAA8,24-80
목,U+BAA9,24-81
몫,U+BAAB,24-82
몬,U+BAAC,24-83
몰,U+BAB0,24-84
몲,U+BAB2,24-85
몸,U+BAB8,24-86
몹,U+BAB9,24-87
못,U+BABB,24-88
몽,U+BABD,24-89
뫄,U+BAC4,24-90
뫈,U+BAC8,24-91
뫘,U+BAD8,24-92
뫙,U+BAD9,24-93
뫼,U+BAFC,24-94
묀,U+BB00,25-01
묄,U+BB04,25-02
묍,U+BB0D,25-03
묏,U+BB0F,25-04
묑,U+BB11,25-05
묘,U+BB18,25-06
묜,U+BB1C,25-07
묠,U+BB20,25-08
묩,U+BB29,25-09
묫,U+BB2B,25-10
무,U+BB34,25-11
묵,U+BB35,25-12
묶,U+BB36,25-13
문,U+BB38,25-14
묻,U+BB3B,25-15
물,U+BB3C,25-16
묽,U+BB3D,25-17
묾,U+BB3E,25-18
뭄,U+BB44,25-19
뭅,U+BB45,25-20
뭇,U+BB47,25-21
뭉,U+BB49,25-22
뭍,U+BB4D,25-23
뭏,U+BB4F,25-24
뭐,U+BB50,25-25
뭔,U+BB54,25-26
뭘,U+BB58,25-27
뭡,U+BB61,25-28
뭣,U+BB63,25-29
뭬,U+BB6C,25-30
뮈,U+BB88,25-31
뮌,U+BB8C,25-32
뮐,U+BB90,25-33
뮤,U+BBA4,25-34
뮨,U+BBA8,25-35
뮬,U+BBAC,25-36
뮴,U+BBB4,25-37
뮷,U+BBB7,25-38
므,U+BBC0,25-39
믄,U+BBC4,25-40
믈,U+BBC8,25-41
믐,U+BBD0,25-42
믓,U+BBD3,25-43
미,U+BBF8,25-44
믹,U+BBF9,25-45
민,U+BBFC,25-46
믿,U+BBFF,25-47
밀,U+BC00,25-48
밂,U+BC02,25-49
밈,U+BC08,25-50
밉,U+BC09,25-51
밋,U+BC0B,25-52
밌,U+BC0C,25-53
밍,U+BC0D,25-54
및,U+BC0F,25-55
밑,U+BC11,25-56
바,U+BC14,25-57
박,U+BC15,25-58
밖,U+BC16,25-59
밗,U+BC17,25-60
반,U+BC18,25-61
받,U+BC1B,25-62
발,U+BC1C,25-63
밝,U+BC1D,25-64
밞,U+BC1E,25-65
밟,U+BC1F,25-66
밤,U+BC24,25-67
밥,U+BC25,25-68
밧,U+BC27,25-69
방,U+BC29,25-70
밭,U+BC2D,25-71
배,U+BC30,25-72
백,U+BC31,25-73
밴,U+BC34,25-74
밸,U+BC38,25-75
뱀,U+BC40,25-76
뱁,U+BC41,25-77
뱃,U+BC43,25-78
뱄,U+BC44,25-79
뱅,U+BC45,25-80
뱉,U+BC49,25-81
뱌,U+BC4C,25-82
뱍,U+BC4D,25-83
뱐,U+BC50,25-84
뱝,U+BC5D,25-85
버,U+BC84,25-86
벅,U+BC85,25-87
번,U+BC88,25-88
벋,U+BC8B,25-89
벌,U+BC8C,25-90
벎,U+BC8E,25-91
범,U+BC94,25-92
법,U+BC95,25-93
벗,U+BC97,25-94
벙,U+BC99,26-01
벚,U+BC9A,26-02
베,U+BCA0,26-03
벡,U+BCA1,26-04
벤,U+BCA4,26-05
벧,U+BCA7,26-06
벨,U+BCA8,26-07
벰,U+BCB0,26-08
벱,U+BCB1,26-09
벳,U+BCB3,26-10
벴,U+BCB4,26-11
벵,U+BCB5,26-12
벼,U+BCBC,26-13
벽,U+BCBD,26-14
변,U+BCC0,26-15
별,U+BCC4,26-16
볍,U+BCCD,26-17
볏,U+BCCF,26-18
볐,U+BCD0,26-19
병,U+BCD1,26-20
볕,U+BCD5,26-21
볘,U+BCD8,26-22
볜,U+BCDC,26-23
보,U+BCF4,26-24
복,U+BCF5,26-25
볶,U+BCF6,26-26
본,U+BCF8,26-27
볼,U+BCFC,26-28
봄,U+BD04,26-29
봅,U+BD05,26-30
봇,U+BD07,26-31
봉,U+BD09,26-32
봐,U+BD10,26-33
봔,U+BD14,26-34
봤,U+BD24,26-35
봬,U+BD2C,26-36
뵀,U+BD40,26-37
뵈,U+BD48,26-38
뵉,U+BD49,26-39
뵌,U+BD4C,26-40
뵐,U+BD50,26-41
뵘,U+BD58,26-42
뵙,U+BD59,26-43
뵤,U+BD64,26-44
뵨,U+BD68,26-45
부,U+BD80,26-46
북,U+BD81,26-47
분,U+BD84,26-48
붇,U+BD87,26-49
불,U+BD88,26-50
붉,U+BD89,26-51
붊,U+BD8A,26-52
붐,U+BD90,26-53
붑,U+BD91,26-54
붓,U+BD93,26-55
붕,U+BD95,26-56
붙,U+BD99,26-57
붚,U+BD9A,26-58
붜,U+BD9C,26-59
붤,U+BDA4,26-60
붰,U+BDB0,26-61
붸,U+BDB8,26-62
뷔,U+BDD4,26-63
뷕,U+BDD5,26-64
뷘,U+BDD8,26-65
뷜,U+BDDC,26-66
뷩,U+BDE9,26-67
뷰,U+BDF0,26-68
뷴,U+BDF4,26-69
뷸,U+BDF8,26-70
븀,U+BE00,26-71
븃,U+BE03,26-72
븅,U+BE05,26-73
브,U+BE0C,26-74
븍,U+BE0D,26-75
븐,U+BE10,26-76
블,U+BE14,26-77
븜,U+BE1C,26-78
븝,U+BE1D,26-79
븟,U+BE1F,26-80
비,U+BE44,26-81
빅,U+BE45,26-82
빈,U+BE48,26-83
빌,U+BE4C,26-84
빎,U+BE4E,26-85
빔,U+BE54,26-86
빕,U+BE55,26-87
빗,U+BE57,26-88
빙,U+BE59,26-89
빚,U+BE5A,26-90
빛,U+BE5B,26-91
빠,U+BE60,26-92
빡,U+BE61,26-93
빤,U+BE64,26-94
빨,U+BE68,27-01
빪,U+BE6A,27-02
빰,U+BE70,27-03
빱,U+BE71,27-04
빳,U+BE73,27-05
빴,U+BE74,27-06
빵,U+BE75,27-07
빻,U+BE7B,27-08
빼,U+BE7C,27-09
빽,U+BE7D,27-10
뺀,U+BE80,27-11
뺄,U+BE84,27-12
뺌,U+BE8C,27-13
뺍,U+BE8D,27-14
뺏,U+BE8F,27-15
뺐,U+BE90,27-16
뺑,U+BE91,27-17
뺘,U+BE98,27-18
뺙,U+BE99,27-19
뺨,U+BEA8,27-20
뻐,U+BED0,27-21
뻑,U+BED1,27-22
뻔,U+BED4,27-23
뻗,U+BED7,27-24
뻘,U+BED8,27-25
뻠,U+BEE0,27-26
뻣,U+BEE3,27-27
뻤,U+BEE4,27-28
뻥,U+BEE5,27-29
뻬,U+BEEC,27-30
뼁,U+BF01,27-31
뼈,U+BF08,27-32
뼉,U+BF09,27-33
뼘,U+BF18,27-34
뼙,U+BF19,27-35
뼛,U+BF1B,27-36
뼜,U+BF1C,27-37
뼝,U+BF1D,27-38
뽀,U+BF40,27-39
뽁,U+BF41,27-40
뽄,U+BF44,27-41
뽈,U+BF48,27-42
뽐,U+BF50,27-43
뽑,U+BF51,27-44
뽕,U+BF55,27-45
뾔,U+BF94,27-46
뾰,U+BFB0,27-47
뿅,U+BFC5,27-48
뿌,U+BFCC,27-49
뿍,U+BFCD,27-50
뿐,U+BFD0,27-51
뿔,U+BFD4,27-52
뿜,U+BFDC,27-53
뿟,U+BFDF,27-54
뿡,U+BFE1,27-55
쀼,U+C03C,27-56
쁑,U+C051,27-57
쁘,U+C058,27-58
쁜,U+C05C,27-59
쁠,U+C060,27-60
쁨,U+C068,27-61
쁩,U+C069,27-62
삐,U+C090,27-63
삑,U+C091,27-64
삔,U+C094,27-65
삘,U+C098,27-66
삠,U+C0A0,27-67
삡,U+C0A1,27-68
삣,U+C0A3,27-69
삥,U+C0A5,27-70
사,U+C0AC,27-71
삭,U+C0AD,27-72
삯,U+C0AF,27-73
산,U+C0B0,27-74
삳,U+C0B3,27-75
살,U+C0B4,27-76
삵,U+C0B5,27-77
삶,U+C0B6,27-78
삼,U+C0BC,27-79
삽,U+C0BD,27-80
삿,U+C0BF,27-81
샀,U+C0C0,27-82
상,U+C0C1,27-83
샅,U+C0C5,27-84
새,U+C0C8,27-85
색,U+C0C9,27-86
샌,U+C0CC,27-87
샐,U+C0D0,27-88
샘,U+C0D8,27-89
샙,U+C0D9,27-90
샛,U+C0DB,27-91
샜,U+C0DC,27-92
생,U+C0DD,27-93
샤,U+C0E4,27-94
샥,U+C0E5,28-01
샨,U+C0E8,28-02
샬,U+C0EC,28-03
샴,U+C0F4,28-04
샵,U+C0F5,28-05
샷,U+C0F7,28-06
샹,U+C0F9,28-07
섀,U+C100,28-08
섄,U+C104,28-09
섈,U+C108,28-10
섐,U+C110,28-11
섕,U+C115,28-12
서,U+C11C,28-13
석,U+C11D,28-14
섞,U+C11E,28-15
섟,U+C11F,28-16
선,U+C120,28-17
섣,U+C123,28-18
설,U+C124,28-19
섦,U+C126,28-20
섧,U+C127,28-21
섬,U+C12C,28-22
섭,U+C12D,28-23
섯,U+C12F,28-24
섰,U+C130,28-25
성,U+C131,28-26
섶,U+C136,28-27
세,U+C138,28-28
섹,U+C139,28-29
센,U+C13C,28-30
셀,U+C140,28-31
셈,U+C148,28-32
셉,U+C149,28-33
셋,U+C14B,28-34
셌,U+C14C,28-35
셍,U+C14D,28-36
셔,U+C154,28-37
셕,U+C155,28-38
션,U+C158,28-39
셜,U+C15C,28-40
셤,U+C164,28-41
셥,U+C165,28-42
셧,U+C167,28-43
셨,U+C168,28-44
셩,U+C169,28-45
셰,U+C170,28-46
셴,U+C174,28-47
셸,U+C178,28-48
솅,U+C185,28-49
소,U+C18C,28-50
속,U+C18D,28-51
솎,U+C18E,28-52
손,U+C190,28-53
솔,U+C194,28-54
솖,U+C196,28-55
솜,U+C19C,28-56
솝,U+C19D,28-57
솟,U+C19F,28-58
송,U+C1A1,28-59
솥,U+C1A5,28-60
솨,U+C1A8,28-61
솩,U+C1A9,28-62
솬,U+C1AC,28-63
솰,U+C1B0,28-64
솽,U+C1BD,28-65
쇄,U+C1C4,28-66
쇈,U+C1C8,28-67
쇌,U+C1CC,28-68
쇔,U+C1D4,28-69
쇗,U+C1D7,28-70
쇘,U+C1D8,28-71
쇠,U+C1E0,28-72
쇤,U+C1E4,28-73
쇨,U+C1E8,28-74
쇰,U+C1F0,28-75
쇱,U+C1F1,28-76
쇳,U+C1F3,28-77
쇼,U+C1FC,28-78
쇽,U+C1FD,28-79
숀,U+C200,28-80
숄,U+C204,28-81
숌,U+C20C,28-82
숍,U+C20D,28-83
숏,U+C20F,28-84
숑,U+C211,28-85
수,U+C218,28-86
숙,U+C219,28-87
순,U+C21C,28-88
숟,U+C21F,28-89
술,U+C220,28-90
숨,U+C228,28-91
숩,U+C229,28-92
숫,U+C22B,28-93
숭,U+C22D,28-94
숯,U+C22F,29-01
숱,U+C231,29-02
숲,U+C232,29-03
숴,U+C234,29-04
쉈,U+C248,29-05
쉐,U+C250,29-06
쉑,U+C251,29-07
쉔,U+C254,29-08
쉘,U+C258,29-09
쉠,U+C260,29-10
쉥,U+C265,29-11
쉬,U+C26C,29-12
쉭,U+C26D,29-13
쉰,U+C270,29-14
쉴,U+C274,29-15
쉼,U+C27C,29-16
쉽,U+C27D,29-17
쉿,U+C27F,29-18
슁,U+C281,29-19
슈,U+C288,29-20
슉,U+C289,29-21
슐,U+C290,29-22
슘,U+C298,29-23
슛,U+C29B,29-24
슝,U+C29D,29-25
스,U+C2A4,29-26
슥,U+C2A5,29-27
슨,U+C2A8,29-28
슬,U+C2AC,29-29
슭,U+C2AD,29-30
슴,U+C2B4,29-31
습,U+C2B5,29-32
슷,U+C2B7,29-33
승,U+C2B9,29-34
시,U+C2DC,29-35
식,U+C2DD,29-36
신,U+C2E0,29-37
싣,U+C2E3,29-38
실,U+C2E4,29-39
싫,U+C2EB,29-40
심,U+C2EC,29-41
십,U+C2ED,29-42
싯,U+C2EF,29-43
싱,U+C2F1,29-44
싶,U+C2F6,29-45
싸,U+C2F8,29-46
싹,U+C2F9,29-47
싻,U+C2FB,29-48
싼,U+C2FC,29-49
쌀,U+C300,29-50
쌈,U+C308,29-51
쌉,U+C309,29-52
쌌,U+C30C,29-53
쌍,U+C30D,29-54
쌓,U+C313,29-55
쌔,U+C314,29-56
쌕,U+C315,29-57
쌘,U+C318,29-58
쌜,U+C31C,29-59
쌤,U+C324,29-60
쌥,U+C325,29-61
쌨,U+C328,29-62
쌩,U+C329,29-63
썅,U+C345,29-64
써,U+C368,29-65
썩,U+C369,29-66
썬,U+C36C,29-67
썰,U+C370,29-68
썲,U+C372,29-69
썸,U+C378,29-70
썹,U+C379,29-71
썼,U+C37C,29-72
썽,U+C37D,29-73
쎄,U+C384,29-74
쎈,U+C388,29-75
쎌,U+C38C,29-76
쏀,U+C3C0,29-77
쏘,U+C3D8,29-78
쏙,U+C3D9,29-79
쏜,U+C3DC,29-80
쏟,U+C3DF,29-81
쏠,U+C3E0,29-82
쏢,U+C3E2,29-83
쏨,U+C3E8,29-84
쏩,U+C3E9,29-85
쏭,U+C3ED,29-86
쏴,U+C3F4,29-87
쏵,U+C3F5,29-88
쏸,U+C3F8,29-89
쐈,U+C408,29-90
쐐,U+C410,29-91
쐤,U+C424,29-92
쐬,U+C42C,29-93
쐰,U+C430,29-94
쐴,U+C434,30-01
쐼,U+C43C,30-02
쐽,U+C43D,30-03
쑈,U+C448,30-04
쑤,U+C464,30-05
쑥,U+C465,30-06
쑨,U+C468,30-07
쑬,U+C46C,30-08
쑴,U+C474,30-09
쑵,U+C475,30-10
쑹,U+C479,30-11
쒀,U+C480,30-12
쒔,U+C494,30-13
쒜,U+C49C,30-14
쒸,U+C4B8,30-15
쒼,U+C4BC,30-16
쓩,U+C4E9,30-17
쓰,U+C4F0,30-18
쓱,U+C4F1,30-19
쓴,U+C4F4,30-20
쓸,U+C4F8,30-21
쓺,U+C4FA,30-22
쓿,U+C4FF,30-23
씀,U+C500,30-24
씁,U+C501,30-25
씌,U+C50C,30-26
씐,U+C510,30-27
씔,U+C514,30-28
씜,U+C51C,30-29
씨,U+C528,30-30
씩,U+C529,30-31
씬,U+C52C,30-32
씰,U+C530,30-33
씸,U+C538,30-34
씹,U+C539,30-35
씻,U+C53B,30-36
씽,U+C53D,30-37
아,U+C544,30-38
악,U+C545,30-39
안,U+C548,30-40
앉,U+C549,30-41
않,U+C54A,30-42
알,U+C54C,30-43
앍,U+C54D,30-44
앎,U+C54E,30-45
앓,U+C553,30-46
암,U+C554,30-47
압,U+C555,30-48
앗,U+C557,30-49
았,U+C558,30-50
앙,U+C559,30-51
앝,U+C55D,30-52
앞,U+C55E,30-53
애,U+C560,30-54
액,U+C561,30-55
앤,U+C564,30-56
앨,U+C568,30-57
앰,U+C570,30-58
앱,U+C571,30-59
앳,U+C573,30-60
앴,U+C574,30-61
앵,U+C575,30-62
야,U+C57C,30-63
약,U+C57D,30-64
얀,U+C580,30-65
얄,U+C584,30-66
얇,U+C587,30-67
얌,U+C58C,30-68
얍,U+C58D,30-69
얏,U+C58F,30-70
양,U+C591,30-71
얕,U+C595,30-72
얗,U+C597,30-73
얘,U+C598,30-74
얜,U+C59C,30-75
얠,U+C5A0,30-76
얩,U+C5A9,30-77
어,U+C5B4,30-78
억,U+C5B5,30-79
언,U+C5B8,30-80
얹,U+C5B9,30-81
얻,U+C5BB,30-82
얼,U+C5BC,30-83
얽,U+C5BD,30-84
얾,U+C5BE,30-85
엄,U+C5C4,30-86
업,U+C5C5,30-87
없,U+C5C6,30-88
엇,U+C5C7,30-89
었,U+C5C8,30-90
엉,U+C5C9,30-91
엊,U+C5CA,30-92
엌,U+C5CC,30-93
엎,U+C5CE,30-94
에,U+C5D0,31-01
엑,U+C5D1,31-02
엔,U+C5D4,31-03
엘,U+C5D8,31-04
엠,U+C5E0,31-05
엡,U+C5E1,31-06
엣,U+C5E3,31-07
엥,U+C5E5,31-08
여,U+C5EC,31-09
역,U+C5ED,31-10
엮,U+C5EE,31-11
연,U+C5F0,31-12
열,U+C5F4,31-13
엶,U+C5F6,31-14
엷,U+C5F7,31-15
염,U+C5FC,31-16
엽,U+C5FD,31-17
엾,U+C5FE,31-18
엿,U+C5FF,31-19
였,U+C600,31-20
영,U+C601,31-21
옅,U+C605,31-22
옆,U+C606,31-23
옇,U+C607,31-24
예,U+C608,31-25
옌,U+C60C,31-26
옐,U+C610,31-27
옘,U+C618,31-28
옙,U+C619,31-29
옛,U+C61B,31-30
옜,U+C61C,31-31
오,U+C624,31-32
옥,U+C625,31-33
온,U+C628,31-34
올,U+C62C,31-35
옭,U+C62D,31-36
옮,U+C62E,31-37
옰,U+C630,31-38
옳,U+C633,31-39
옴,U+C634,31-40
옵,U+C635,31-41
옷,U+C637,31-42
옹,U+C639,31-43
옻,U+C63B,31-44
와,U+C640,31-45
왁,U+C641,31-46
완,U+C644,31-47
왈,U+C648,31-48
왐,U+C650,31-49
왑,U+C651,31-50
왓,U+C653,31-51
왔,U+C654,31-52
왕,U+C655,31-53
왜,U+C65C,31-54
왝,U+C65D,31-55
왠,U+C660,31-56
왬,U+C66C,31-57
왯,U+C66F,31-58
왱,U+C671,31-59
외,U+C678,31-60
왹,U+C679,31-61
왼,U+C67C,31-62
욀,U+C680,31-63
욈,U+C688,31-64
욉,U+C689,31-65
욋,U+C68B,31-66
욍,U+C68D,31-67
요,U+C694,31-68
욕,U+C695,31-69
욘,U+C698,31-70
욜,U+C69C,31-71
욤,U+C6A4,31-72
욥,U+C6A5,31-73
욧,U+C6A7,31-74
용,U+C6A9,31-75
우,U+C6B0,31-76
욱,U+C6B1,31-77
운,U+C6B4,31-78
울,U+C6B8,31-79
욹,U+C6B9,31-80
욺,U+C6BA,31-81
움,U+C6C0,31-82
웁,U+C6C1,31-83
웃,U+C6C3,31-84
웅,U+C6C5,31-85
워,U+C6CC,31-86
웍,U+C6CD,31-87
원,U+C6D0,31-88
월,U+C6D4,31-89
웜,U+C6DC,31-90
웝,U+C6DD,31-91
웠,U+C6E0,31-92
웡,U+C6E1,31-93
웨,U+C6E8,31-94
웩,U+C6E9,32-01
웬,U+C6EC,32-02
웰,U+C6F0,32-03
웸,U+C6F8,32-04
웹,U+C6F9,32-05
웽,U+C6FD,32-06
위,U+C704,32-07
윅,U+C705,32-08
윈,U+C708,32-09
윌,U+C70C,32-10
윔,U+C714,32-11
윕,U+C715,32-12
윗,U+C717,32-13
윙,U+C719,32-14
유,U+C720,32-15
육,U+C721,32-16
윤,U+C724,32-17
율,U+C728,32-18
윰,U+C730,32-19
윱,U+C731,32-20
윳,U+C733,32-21
융,U+C735,32-22
윷,U+C737,32-23
으,U+C73C,32-24
윽,U+C73D,32-25
은,U+C740,32-26
을,U+C744,32-27
읊,U+C74A,32-28
음,U+C74C,32-29
읍,U+C74D,32-30
읏,U+C74F,32-31
응,U+C751,32-32
읒,U+C752,32-33
읓,U+C753,32-34
읔,U+C754,32-35
읕,U+C755,32-36
읖,U+C756,32-37
읗,U+C757,32-38
의,U+C758,32-39
읜,U+C75C,32-40
읠,U+C760,32-41
읨,U+C768,32-42
읫,U+C76B,32-43
이,U+C774,32-44
익,U+C775,32-45
인,U+C778,32-46
일,U+C77C,32-47
읽,U+C77D,32-48
읾,U+C77E,32-49
잃,U+C783,32-50
임,U+C784,32-51
입,U+C785,32-52
잇,U+C787,32-53
있,U+C788,32-54
잉,U+C789,32-55
잊,U+C78A,32-56
잎,U+C78E,32-57
자,U+C790,32-58
작,U+C791,32-59
잔,U+C794,32-60
잖,U+C796,32-61
잗,U+C797,32-62
잘,U+C798,32-63
잚,U+C79A,32-64
잠,U+C7A0,32-65
잡,U+C7A1,32-66
잣,U+C7A3,32-67
잤,U+C7A4,32-68
장,U+C7A5,32-69
잦,U+C7A6,32-70
재,U+C7AC,32-71
잭,U+C7AD,32-72
잰,U+C7B0,32-73
잴,U+C7B4,32-74
잼,U+C7BC,32-75
잽,U+C7BD,32-76
잿,U+C7BF,32-77
쟀,U+C7C0,32-78
쟁,U+C7C1,32-79
쟈,U+C7C8,32-80
쟉,U+C7C9,32-81
쟌,U+C7CC,32-82
쟎,U+C7CE,32-83
쟐,U+C7D0,32-84
쟘,U+C7D8,32-85
쟝,U+C7DD,32-86
쟤,U+C7E4,32-87
쟨,U+C7E8,32-88
쟬,U+C7EC,32-89
저,U+C800,32-90
적,U+C801,32-91
전,U+C804,32-92
절,U+C808,32-93
젊,U+C80A,32-94
점,U+C810,33-01
접,U+C811,33-02
젓,U+C813,33-03
정,U+C815,33-04
젖,U+C816,33-05
제,U+C81C,33-06
젝,U+C81D,33-07
젠,U+C820,33-08
젤,U+C824,33-09
젬,U+C82C,33-10
젭,U+C82D,33-11
젯,U+C82F,33-12
젱,U+C831,33-13
져,U+C838,33-14
젼,U+C83C,33-15
졀,U+C840,33-16
졈,U+C848,33-17
졉,U+C849,33-18
졌,U+C84C,33-19
졍,U+C84D,33-20
졔,U+C854,33-21
조,U+C870,33-22
족,U+C871,33-23
존,U+C874,33-24
졸,U+C878,33-25
졺,U+C87A,33-26
좀,U+C880,33-27
좁,U+C881,33-28
좃,U+C883,33-29
종,U+C885,33-30
좆,U+C886,33-31
좇,U+C887,33-32
좋,U+C88B,33-33
좌,U+C88C,33-34
좍,U+C88D,33-35
좔,U+C894,33-36
좝,U+C89D,33-37
좟,U+C89F,33-38
좡,U+C8A1,33-39
좨,U+C8A8,33-40
좼,U+C8BC,33-41
좽,U+C8BD,33-42
죄,U+C8C4,33-43
죈,U+C8C8,33-44
죌,U+C8CC,33-45
죔,U+C8D4,33-46
죕,U+C8D5,33-47
죗,U+C8D7,33-48
죙,U+C8D9,33-49
죠,U+C8E0,33-50
죡,U+C8E1,33-51
죤,U+C8E4,33-52
죵,U+C8F5,33-53
주,U+C8FC,33-54
죽,U+C8FD,33-55
준,U+C900,33-56
줄,U+C904,33-57
줅,U+C905,33-58
줆,U+C906,33-59
줌,U+C90C,33-60
줍,U+C90D,33-61
줏,U+C90F,33-62
중,U+C911,33-63
줘,U+C918,33-64
줬,U+C92C,33-65
줴,U+C934,33-66
쥐,U+C950,33-67
쥑,U+C951,33-68
쥔,U+C954,33-69
쥘,U+C958,33-70
쥠,U+C960,33-71
쥡,U+C961,33-72
쥣,U+C963,33-73
쥬,U+C96C,33-74
쥰,U+C970,33-75
쥴,U+C974,33-76
쥼,U+C97C,33-77
즈,U+C988,33-78
즉,U+C989,33-79
즌,U+C98C,33-80
즐,U+C990,33-81
즘,U+C998,33-82
즙,U+C999,33-83
즛,U+C99B,33-84
증,U+C99D,33-85
지,U+C9C0,33-86
직,U+C9C1,33-87
진,U+C9C4,33-88
짇,U+C9C7,33-89
질,U+C9C8,33-90
짊,U+C9CA,33-91
짐,U+C9D0,33-92
집,U+C9D1,33-93
짓,U+C9D3,33-94
징,U+C9D5,34-01
짖,U+C9D6,34-02
짙,U+C9D9,34-03
짚,U+C9DA,34-04
짜,U+C9DC,34-05
짝,U+C9DD,34-06
짠,U+C9E0,34-07
짢,U+C9E2,34-08
짤,U+C9E4,34-09
짧,U+C9E7,34-10
짬,U+C9EC,34-11
짭,U+C9ED,34-12
짯,U+C9EF,34-13
짰,U+C9F0,34-14
짱,U+C9F1,34-15
째,U+C9F8,34-16
짹,U+C9F9,34-17
짼,U+C9FC,34-18
쨀,U+CA00,34-19
쨈,U+CA08,34-20
쨉,U+CA09,34-21
쨋,U+CA0B,34-22
쨌,U+CA0C,34-23
쨍,U+CA0D,34-24
쨔,U+CA14,34-25
쨘,U+CA18,34-26
쨩,U+CA29,34-27
쩌,U+CA4C,34-28
쩍,U+CA4D,34-29
쩐,U+CA50,34-30
쩔,U+CA54,34-31
쩜,U+CA5C,34-32
쩝,U+CA5D,34-33
쩟,U+CA5F,34-34
쩠,U+CA60,34-35
쩡,U+CA61,34-36
쩨,U+CA68,34-37
쩽,U+CA7D,34-38
쪄,U+CA84,34-39
쪘,U+CA98,34-40
쪼,U+CABC,34-41
쪽,U+CABD,34-42
쫀,U+CAC0,34-43
쫄,U+CAC4,34-44
쫌,U+CACC,34-45
쫍,U+CACD,34-46
쫏,U+CACF,34-47
쫑,U+CAD1,34-48
쫓,U+CAD3,34-49
쫘,U+CAD8,34-50
쫙,U+CAD9,34-51
쫠,U+CAE0,34-52
쫬,U+CAEC,34-53
쫴,U+CAF4,34-54
쬈,U+CB08,34-55
쬐,U+CB10,34-56
쬔,U+CB14,34-57
쬘,U+CB18,34-58
쬠,U+CB20,34-59
쬡,U+CB21,34-60
쭁,U+CB41,34-61
쭈,U+CB48,34-62
쭉,U+CB49,34-63
쭌,U+CB4C,34-64
쭐,U+CB50,34-65
쭘,U+CB58,34-66
쭙,U+CB59,34-67
쭝,U+CB5D,34-68
쭤,U+CB64,34-69
쭸,U+CB78,34-70
쭹,U+CB79,34-71
쮜,U+CB9C,34-72
쮸,U+CBB8,34-73
쯔,U+CBD4,34-74
쯤,U+CBE4,34-75
쯧,U+CBE7,34-76
쯩,U+CBE9,34-77
찌,U+CC0C,34-78
찍,U+CC0D,34-79
찐,U+CC10,34-80
찔,U+CC14,34-81
찜,U+CC1C,34-82
찝,U+CC1D,34-83
찡,U+CC21,34-84
찢,U+CC22,34-85
찧,U+CC27,34-86
차,U+CC28,34-87
착,U+CC29,34-88
찬,U+CC2C,34-89
찮,U+CC2E,34-90
찰,U+CC30,34-91
참,U+CC38,34-92
찹,U+CC39,34-93
찻,U+CC3B,34-94
찼,U+CC3C,35-01
창,U+CC3D,35-02
찾,U+CC3E,35-03
채,U+CC44,35-04
책,U+CC45,35-05
챈,U+CC48,35-06
챌,U+CC4C,35-07
챔,U+CC54,35-08
챕,U+CC55,35-09
챗,U+CC57,35-10
챘,U+CC58,35-11
챙,U+CC59,35-12
챠,U+CC60,35-13
챤,U+CC64,35-14
챦,U+CC66,35-15
챨,U+CC68,35-16
챰,U+CC70,35-17
챵,U+CC75,35-18
처,U+CC98,35-19
척,U+CC99,35-20
천,U+CC9C,35-21
철,U+CCA0,35-22
첨,U+CCA8,35-23
첩,U+CCA9,35-24
첫,U+CCAB,35-25
첬,U+CCAC,35-26
청,U+CCAD,35-27
체,U+CCB4,35-28
첵,U+CCB5,35-29
첸,U+CCB8,35-30
첼,U+CCBC,35-31
쳄,U+CCC4,35-32
쳅,U+CCC5,35-33
쳇,U+CCC7,35-34
쳉,U+CCC9,35-35
쳐,U+CCD0,35-36
쳔,U+CCD4,35-37
쳤,U+CCE4,35-38
쳬,U+CCEC,35-39
쳰,U+CCF0,35-40
촁,U+CD01,35-41
초,U+CD08,35-42
촉,U+CD09,35-43
촌,U+CD0C,35-44
촐,U+CD10,35-45
촘,U+CD18,35-46
촙,U+CD19,35-47
촛,U+CD1B,35-48
총,U+CD1D,35-49
촤,U+CD24,35-50
촨,U+CD28,35-51
촬,U+CD2C,35-52
촹,U+CD39,35-53
최,U+CD5C,35-54
쵠,U+CD60,35-55
쵤,U+CD64,35-56
쵬,U+CD6C,35-57
쵭,U+CD6D,35-58
쵯,U+CD6F,35-59
쵱,U+CD71,35-60
쵸,U+CD78,35-61
춈,U+CD88,35-62
추,U+CD94,35-63
축,U+CD95,35-64
춘,U+CD98,35-65
출,U+CD9C,35-66
춤,U+CDA4,35-67
춥,U+CDA5,35-68
춧,U+CDA7,35-69
충,U+CDA9,35-70
춰,U+CDB0,35-71
췄,U+CDC4,35-72
췌,U+CDCC,35-73
췐,U+CDD0,35-74
취,U+CDE8,35-75
췬,U+CDEC,35-76
췰,U+CDF0,35-77
췸,U+CDF8,35-78
췹,U+CDF9,35-79
췻,U+CDFB,35-80
췽,U+CDFD,35-81
츄,U+CE04,35-82
츈,U+CE08,35-83
츌,U+CE0C,35-84
츔,U+CE14,35-85
츙,U+CE19,35-86
츠,U+CE20,35-87
측,U+CE21,35-88
츤,U+CE24,35-89
츨,U+CE28,35-90
츰,U+CE30,35-91
츱,U+CE31,35-92
츳,U+CE33,35-93
층,U+CE35,35-94
치,U+CE58,36-01
칙,U+CE59,36-02
친,U+CE5C,36-03
칟,U+CE5F,36-04
칠,U+CE60,36-05
칡,U+CE61,36-06
침,U+CE68,36-07
칩,U+CE69,36-08
칫,U+CE6B,36-09
칭,U+CE6D,36-10
카,U+CE74,36-11
칵,U+CE75,36-12
칸,U+CE78,36-13
칼,U+CE7C,36-14
캄,U+CE84,36-15
캅,U+CE85,36-16
캇,U+CE87,36-17
캉,U+CE89,36-18
캐,U+CE90,36-19
캑,U+CE91,36-20
캔,U+CE94,36-21
캘,U+CE98,36-22
캠,U+CEA0,36-23
캡,U+CEA1,36-24
캣,U+CEA3,36-25
캤,U+CEA4,36-26
캥,U+CEA5,36-27
캬,U+CEAC,36-28
캭,U+CEAD,36-29
컁,U+CEC1,36-30
커,U+CEE4,36-31
컥,U+CEE5,36-32
컨,U+CEE8,36-33
컫,U+CEEB,36-34
컬,U+CEEC,36-35
컴,U+CEF4,36-36
컵,U+CEF5,36-37
컷,U+CEF7,36-38
컸,U+CEF8,36-39
컹,U+CEF9,36-40
케,U+CF00,36-41
켁,U+CF01,36-42
켄,U+CF04,36-43
켈,U+CF08,36-44
켐,U+CF10,36-45
켑,U+CF11,36-46
켓,U+CF13,36-47
켕,U+CF15,36-48
켜,U+CF1C,36-49
켠,U+CF20,36-50
켤,U+CF24,36-51
켬,U+CF2C,36-52
켭,U+CF2D,36-53
켯,U+CF2F,36-54
켰,U+CF30,36-55
켱,U+CF31,36-56
켸,U+CF38,36-57
코,U+CF54,36-58
콕,U+CF55,36-59
콘,U+CF58,36-60
콜,U+CF5C,36-61
콤,U+CF64,36-62
콥,U+CF65,36-63
콧,U+CF67,36-64
콩,U+CF69,36-65
콰,U+CF70,36-66
콱,U+CF71,36-67
콴,U+CF74,36-68
콸,U+CF78,36-69
쾀,U+CF80,36-70
쾅,U+CF85,36-71
쾌,U+CF8C,36-72
쾡,U+CFA1,36-73
쾨,U+CFA8,36-74
쾰,U+CFB0,36-75
쿄,U+CFC4,36-76
쿠,U+CFE0,36-77
쿡,U+CFE1,36-78
쿤,U+CFE4,36-79
쿨,U+CFE8,36-80
쿰,U+CFF0,36-81
쿱,U+CFF1,36-82
쿳,U+CFF3,36-83
쿵,U+CFF5,36-84
쿼,U+CFFC,36-85
퀀,U+D000,36-86
퀄,U+D004,36-87
퀑,U+D011,36-88
퀘,U+D018,36-89
퀭,U+D02D,36-90
퀴,U+D034,36-91
퀵,U+D035,36-92
퀸,U+D038,36-93
퀼,U+D03C,36-94
큄,U+D044,37-01
큅,U+D045,37-02
큇,U+D047,37-03
큉,U+D049,37-04
큐,U+D050,37-05
큔,U+D054,37-06
큘,U+D058,37-07
큠,U+D060,37-08
크,U+D06C,37-09
큭,U+D06D,37-10
큰,U+D070,37-11
클,U+D074,37-12
큼,U+D07C,37-13
큽,U+D07D,37-14
킁,U+D081,37-15
키,U+D0A4,37-16
킥,U+D0A5,37-17
킨,U+D0A8,37-18
킬,U+D0AC,37-19
킴,U+D0B4,37-20
킵,U+D0B5,37-21
킷,U+D0B7,37-22
킹,U+D0B9,37-23
타,U+D0C0,37-24
탁,U+D0C1,37-25
탄,U+D0C4,37-26
탈,U+D0C8,37-27
탉,U+D0C9,37-28
탐,U+D0D0,37-29
탑,U+D0D1,37-30
탓,U+D0D3,37-31
탔,U+D0D4,37-32
탕,U+D0D5,37-33
태,U+D0DC,37-34
택,U+D0DD,37-35
탠,U+D0E0,37-36
탤,U+D0E4,37-37
탬,U+D0EC,37-38
탭,U+D0ED,37-39
탯,U+D0EF,37-40
탰,U+D0F0,37-41
탱,U+D0F1,37-42
탸,U+D0F8,37-43
턍,U+D10D,37-44
터,U+D130,37-45
턱,U+D131,37-46
턴,U+D134,37-47
털,U+D138,37-48
턺,U+D13A,37-49
텀,U+D140,37-50
텁,U+D141,37-51
텃,U+D143,37-52
텄,U+D144,37-53
텅,U+D145,37-54
테,U+D14C,37-55
텍,U+D14D,37-56
텐,U+D150,37-57
텔,U+D154,37-58
템,U+D15C,37-59
텝,U+D15D,37-60
텟,U+D15F,37-61
텡,U+D161,37-62
텨,U+D168,37-63
텬,U+D16C,37-64
텼,U+D17C,37-65
톄,U+D184,37-66
톈,U+D188,37-67
토,U+D1A0,37-68
톡,U+D1A1,37-69
톤,U+D1A4,37-70
톨,U+D1A8,37-71
톰,U+D1B0,37-72
톱,U+D1B1,37-73
톳,U+D1B3,37-74
통,U+D1B5,37-75
톺,U+D1BA,37-76
톼,U+D1BC,37-77
퇀,U+D1C0,37-78
퇘,U+D1D8,37-79
퇴,U+D1F4,37-80
퇸,U+D1F8,37-81
툇,U+D207,37-82
툉,U+D209,37-83
툐,U+D210,37-84
투,U+D22C,37-85
툭,U+D22D,37-86
툰,U+D230,37-87
툴,U+D234,37-88
툼,U+D23C,37-89
툽,U+D23D,37-90
툿,U+D23F,37-91
퉁,U+D241,37-92
퉈,U+D248,37-93
퉜,U+D25C,37-94
퉤,U+D264,38-01
튀,U+D280,38-02
튁,U+D281,38-03
튄,U+D284,38-04
튈,U+D288,38-05
튐,U+D290,38-06
튑,U+D291,38-07
튕,U+D295,38-08
튜,U+D29C,38-09
튠,U+D2A0,38-10
튤,U+D2A4,38-11
튬,U+D2AC,38-12
튱,U+D2B1,38-13
트,U+D2B8,38-14
특,U+D2B9,38-15
튼,U+D2BC,38-16
튿,U+D2BF,38-17
틀,U+D2C0,38-18
틂,U+D2C2,38-19
틈,U+D2C8,38-20
틉,U+D2C9,38-21
틋,U+D2CB,38-22
틔,U+D2D4,38-23
틘,U+D2D8,38-24
틜,U+D2DC,38-25
틤,U+D2E4,38-26
틥,U+D2E5,38-27
티,U+D2F0,38-28
틱,U+D2F1,38-29
틴,U+D2F4,38-30
틸,U+D2F8,38-31
팀,U+D300,38-32
팁,U+D301,38-33
팃,U+D303,38-34
팅,U+D305,38-35
파,U+D30C,38-36
팍,U+D30D,38-37
팎,U+D30E,38-38
판,U+D310,38-39
팔,U+D314,38-40
팖,U+D316,38-41
팜,U+D31C,38-42
팝,U+D31D,38-43
팟,U+D31F,38-44
팠,U+D320,38-45
팡,U+D321,38-46
팥,U+D325,38-47
패,U+D328,38-48
팩,U+D329,38-49
팬,U+D32C,38-50
팰,U+D330,38-51
팸,U+D338,38-52
팹,U+D339,38-53
팻,U+D33B,38-54
팼,U+D33C,38-55
팽,U+D33D,38-56
퍄,U+D344,38-57
퍅,U+D345,38-58
퍼,U+D37C,38-59
퍽,U+D37D,38-60
펀,U+D380,38-61
펄,U+D384,38-62
펌,U+D38C,38-63
펍,U+D38D,38-64
펏,U+D38F,38-65
펐,U+D390,38-66
펑,U+D391,38-67
페,U+D398,38-68
펙,U+D399,38-69
펜,U+D39C,38-70
펠,U+D3A0,38-71
펨,U+D3A8,38-72
펩,U+D3A9,38-73
펫,U+D3AB,38-74
펭,U+D3AD,38-75
펴,U+D3B4,38-76
편,U+D3B8,38-77
펼,U+D3BC,38-78
폄,U+D3C4,38-79
폅,U+D3C5,38-80
폈,U+D3C8,38-81
평,U+D3C9,38-82
폐,U+D3D0,38-83
폘,U+D3D8,38-84
폡,U+D3E1,38-85
폣,U+D3E3,38-86
포,U+D3EC,38-87
폭,U+D3ED,38-88
폰,U+D3F0,38-89
폴,U+D3F4,38-90
폼,U+D3FC,38-91
폽,U+D3FD,38-92
폿,U+D3FF,38-93
퐁,U+D401,38-94
퐈,U+D408,39-01
퐝,U+D41D,39-02
푀,U+D440,39-03
푄,U+D444,39-04
표,U+D45C,39-05
푠,U+D460,39-06
푤,U+D464,39-07
푭,U+D46D,39-08
푯,U+D46F,39-09
푸,U+D478,39-10
푹,U+D479,39-11
푼,U+D47C,39-12
푿,U+D47F,39-13
풀,U+D480,39-14
풂,U+D482,39-15
품,U+D488,39-16
풉,U+D489,39-17
풋,U+D48B,39-18
풍,U+D48D,39-19
풔,U+D494,39-20
풩,U+D4A9,39-21
퓌,U+D4CC,39-22
퓐,U+D4D0,39-23
퓔,U+D4D4,39-24
퓜,U+D4DC,39-25
퓟,U+D4DF,39-26
퓨,U+D4E8,39-27
퓬,U+D4EC,39-28
퓰,U+D4F0,39-29
퓸,U+D4F8,39-30
퓻,U+D4FB,39-31
퓽,U+D4FD,39-32
프,U+D504,39-33
픈,U+D508,39-34
플,U+D50C,39-35
픔,U+D514,39-36
픕,U+D515,39-37
픗,U+D517,39-38
피,U+D53C,39-39
픽,U+D53D,39-40
핀,U+D540,39-41
필,U+D544,39-42
핌,U+D54C,39-43
핍,U+D54D,39-44
핏,U+D54F,39-45
핑,U+D551,39-46
하,U+D558,39-47
학,U+D559,39-48
한,U+D55C,39-49
할,U+D560,39-50
핥,U+D565,39-51
함,U+D568,39-52
합,U+D569,39-53
핫,U+D56B,39-54
항,U+D56D,39-55
해,U+D574,39-56
핵,U+D575,39-57
핸,U+D578,39-58
핼,U+D57C,39-59
햄,U+D584,39-60
햅,U+D585,39-61
햇,U+D587,39-62
했,U+D588,39-63
행,U+D589,39-64
햐,U+D590,39-65
향,U+D5A5,39-66
허,U+D5C8,39-67
헉,U+D5C9,39-68
헌,U+D5CC,39-69
헐,U+D5D0,39-70
헒,U+D5D2,39-71
험,U+D5D8,39-72
헙,U+D5D9,39-73
헛,U+D5DB,39-74
헝,U+D5DD,39-75
헤,U+D5E4,39-76
헥,U+D5E5,39-77
헨,U+D5E8,39-78
헬,U+D5EC,39-79
헴,U+D5F4,39-80
헵,U+D5F5,39-81
헷,U+D5F7,39-82
헹,U+D5F9,39-83
혀,U+D600,39-84
혁,U+D601,39-85
현,U+D604,39-86
혈,U+D608,39-87
혐,U+D610,39-88
협,U+D611,39-89
혓,U+D613,39-90
혔,U+D614,39-91
형,U+D615,39-92
혜,U+D61C,39-93
혠,U+D620,39-94
혤,U+D624,40-01
혭,U+D62D,40-02
호,U+D638,40-03
혹,U+D639,40-04
혼,U+D63C,40-05
홀,U+D640,40-06
홅,U+D645,40-07
홈,U+D648,40-08
홉,U+D649,40-09
홋,U+D64B,40-10
홍,U+D64D,40-11
홑,U+D651,40-12
화,U+D654,40-13
확,U+D655,40-14
환,U+D658,40-15
활,U+D65C,40-16
홧,U+D667,40-17
황,U+D669,40-18
홰,U+D670,40-19
홱,U+D671,40-20
홴,U+D674,40-21
횃,U+D683,40-22
횅,U+D685,40-23
회,U+D68C,40-24
획,U+D68D,40-25
횐,U+D690,40-26
횔,U+D694,40-27
횝,U+D69D,40-28
횟,U+D69F,40-29
횡,U+D6A1,40-30
효,U+D6A8,40-31
횬,U+D6AC,40-32
횰,U+D6B0,40-33
횹,U+D6B9,40-34
횻,U+D6BB,40-35
후,U+D6C4,40-36
훅,U+D6C5,40-37
훈,U+D6C8,40-38
훌,U+D6CC,40-39
훑,U+D6D1,40-40
훔,U+D6D4,40-41
훗,U+D6D7,40-42
훙,U+D6D9,40-43
훠,U+D6E0,40-44
훤,U+D6E4,40-45
훨,U+D6E8,40-46
훰,U+D6F0,40-47
훵,U+D6F5,40-48
훼,U+D6FC,40-49
훽,U+D6FD,40-50
휀,U+D700,40-51
휄,U+D704,40-52
휑,U+D711,40-53
휘,U+D718,40-54
휙,U+D719,40-55
휜,U+D71C,40-56
휠,U+D720,40-57
휨,U+D728,40-58
휩,U+D729,40-59
휫,U+D72B,40-60
휭,U+D72D,40-61
휴,U+D734,40-62
휵,U+D735,40-63
휸,U+D738,40-64
휼,U+D73C,40-65
흄,U+D744,40-66
흇,U+D747,40-67
흉,U+D749,40-68
흐,U+D750,40-69
흑,U+D751,40-70
흔,U+D754,40-71
흖,U+D756,40-72
흗,U+D757,40-73
흘,U+D758,40-74
흙,U+D759,40-75
흠,U+D760,40-76
흡,U+D761,40-77
흣,U+D763,40-78
흥,U+D765,40-79
흩,U+D769,40-80
희,U+D76C,40-81
흰,U+D770,40-82
흴,U+D774,40-83
흼,U+D77C,40-84
흽,U+D77D,40-85
힁,U+D781,40-86
히,U+D788,40-87
힉,U+D789,40-88
힌,U+D78C,40-89
힐,U+D790,40-90
힘,U+D798,40-91
힙,U+D799,40-92
힛,U+D79B,40-93
힝,U+D79D,40-94
